MACAddy,NicName
D8:9D:67:F2:4F:48,INT3P1
D8:9D:67:F2:4F:49,INT3P1
10:00:D8:9D:67:F2:4F:49,INT3P1
D8:9D:67:F2:4F:4C,INT4P1
D8:9D:67:F2:4F:4D,INT4P1
10:00:D8:9D:67:F2:4F:4D,INT4P1
e4:11:5b:9a:e2:90,INT5P1
e4:11:5b:9a:e2:91,INT6P1
e4:11:5b:9a:e2:92,INT7P1
e4:11:5b:9a:e2:93,INT8P1
D8:9D:67:74:6E:58,INT1P1
D8:9D:67:74:6E:59,INT1P1
10:00:D8:9D:67:74:6E:59,INT1P1
D8:9D:67:74:6E:5C,INT2P1
D8:9D:67:74:6E:5D,INT2P1
10:00:D8:9D:67:74:6E:5D,INT2P1
D8:9D:67:F2:BC:90,INT3P2
D8:9D:67:F2:BC:91,INT3P2
10:00:D8:9D:67:F2:BC:91,INT3P2
D8:9D:67:F2:BC:94,INT4P2
D8:9D:67:F2:BC:95,INT4P2
10:00:D8:9D:67:F2:BC:95,INT4P2
e4:11:5b:9a:e3:cc,INT5P2
e4:11:5b:9a:e3:cd,INT6P2
e4:11:5b:9a:e3:ce,INT7P2
e4:11:5b:9a:e3:cf,INT8P2
D8:9D:67:74:7E:C0,INT1P2
D8:9D:67:74:7E:C1,INT1P2
10:00:D8:9D:67:74:7E:C1,INT1P2
D8:9D:67:74:7E:C4,INT2P2
D8:9D:67:74:7E:C5,INT2P2
10:00:D8:9D:67:74:7E:C5,INT2P2
D8:9D:67:F2:9D:E8,INT3P3
D8:9D:67:F2:9D:E9,INT3P3
10:00:D8:9D:67:F2:9D:E9,INT3P3
D8:9D:67:F2:9D:EC,INT4P3
D8:9D:67:F2:9D:ED,INT4P3
10:00:D8:9D:67:F2:9D:ED,INT4P3
e4:11:5b:9a:e3:28,INT5P3
e4:11:5b:9a:e3:29,INT6P3
e4:11:5b:9a:e3:2a,INT7P3
e4:11:5b:9a:e3:2b,INT8P3
D8:9D:67:75:06:C0,INT1P3
D8:9D:67:75:06:C1,INT1P3
10:00:D8:9D:67:75:06:C1,INT1P3
D8:9D:67:75:06:C4,INT2P3
D8:9D:67:75:06:C5,INT2P3
10:00:D8:9D:67:75:06:C5,INT2P3
D8:9D:67:F2:9E:40,INT3P4
D8:9D:67:F2:9E:41,INT3P4
10:00:D8:9D:67:F2:9E:41,INT3P4
D8:9D:67:F2:9E:44,INT4P4
D8:9D:67:F2:9E:45,INT4P4
10:00:D8:9D:67:F2:9E:45,INT4P4
e4:11:5b:9a:e2:bc,INT5P4
e4:11:5b:9a:e2:bd,INT6P4
e4:11:5b:9a:e2:be,INT7P4
e4:11:5b:9a:e2:bf,INT8P4
D8:9D:67:74:6E:F0,INT1P4
D8:9D:67:74:6E:F1,INT1P4
10:00:D8:9D:67:74:6E:F1,INT1P4
D8:9D:67:74:6E:F4,INT2P4
D8:9D:67:74:6E:F5,INT2P4
10:00:D8:9D:67:74:6E:F5,INT2P4
D8:9D:67:F2:0E:88,INT3P6
D8:9D:67:F2:0E:89,INT3P6
10:00:D8:9D:67:F2:0E:89,INT3P6
D8:9D:67:F2:0E:8C,INT4P6
D8:9D:67:F2:0E:8D,INT4P6
10:00:D8:9D:67:F2:0E:8D,INT4P6
e4:11:5b:9a:e2:80,INT5P6
e4:11:5b:9a:e2:81,INT6P6
e4:11:5b:9a:e2:82,INT7P6
e4:11:5b:9a:e2:83,INT8P6
D8:9D:67:75:85:F8,INT1P6
D8:9D:67:75:85:F9,INT1P6
10:00:D8:9D:67:75:85:F9,INT1P6
D8:9D:67:75:85:FC,INT2P6
D8:9D:67:75:85:FD,INT2P6
10:00:D8:9D:67:75:85:FD,INT2P6
D8:9D:67:F2:2F:C0,INT3P7
D8:9D:67:F2:2F:C1,INT3P7
10:00:D8:9D:67:F2:2F:C1,INT3P7
D8:9D:67:F2:2F:C4,INT4P7
D8:9D:67:F2:2F:C5,INT4P7
10:00:D8:9D:67:F2:2F:C5,INT4P7
e4:11:5b:9a:e2:a4,INT5P7
e4:11:5b:9a:e2:a5,INT6P7
e4:11:5b:9a:e2:a6,INT7P7
e4:11:5b:9a:e2:a7,INT8P7
D8:9D:67:75:64:18,INT1P7
D8:9D:67:75:64:19,INT1P7
10:00:D8:9D:67:75:64:19,INT1P7
D8:9D:67:75:64:1C,INT2P7
D8:9D:67:75:64:1D,INT2P7
10:00:D8:9D:67:75:64:1D,INT2P7
D8:9D:67:F2:0E:E8,INT3P8
D8:9D:67:F2:0E:E9,INT3P8
10:00:D8:9D:67:F2:0E:E9,INT3P8
D8:9D:67:F2:0E:EC,INT4P8
D8:9D:67:F2:0E:ED,INT4P8
10:00:D8:9D:67:F2:0E:ED,INT4P8
e4:11:5b:9a:e2:94,INT5P8
e4:11:5b:9a:e2:95,INT6P8
e4:11:5b:9a:e2:96,INT7P8
e4:11:5b:9a:e2:97,INT8P8
D8:9D:67:75:D6:A0,INT1P8
D8:9D:67:75:D6:A1,INT1P8
10:00:D8:9D:67:75:D6:A1,INT1P8
D8:9D:67:75:D6:A4,INT2P8
D8:9D:67:75:D6:A5,INT2P8
10:00:D8:9D:67:75:D6:A5,INT2P8
D8:9D:67:F2:AC:88,INT3P9
D8:9D:67:F2:AC:89,INT3P9
10:00:D8:9D:67:F2:AC:89,INT3P9
D8:9D:67:F2:AC:8C,INT4P9
D8:9D:67:F2:AC:8D,INT4P9
10:00:D8:9D:67:F2:AC:8D,INT4P9
e4:11:5b:9a:e2:8c,INT5P9
e4:11:5b:9a:e2:8d,INT6P9
e4:11:5b:9a:e2:8e,INT7P9
e4:11:5b:9a:e2:8f,INT8P9
D8:9D:67:7A:C4:78,INT1P9
D8:9D:67:7A:C4:79,INT1P9
10:00:D8:9D:67:7A:C4:79,INT1P9
D8:9D:67:7A:C4:7C,INT2P9
D8:9D:67:7A:C4:7D,INT2P9
10:00:D8:9D:67:7A:C4:7D,INT2P9
D8:9D:67:F2:B9:78,INT3P12
D8:9D:67:F2:B9:79,INT3P12
10:00:D8:9D:67:F2:B9:79,INT3P12
D8:9D:67:F2:B9:7C,INT4P12
D8:9D:67:F2:B9:7D,INT4P12
10:00:D8:9D:67:F2:B9:7D,INT4P12
e4:11:5b:9a:e3:a4,INT5P12
e4:11:5b:9a:e3:a5,INT6P12
e4:11:5b:9a:e3:a6,INT7P12
e4:11:5b:9a:e3:a7,INT8P12
D8:9D:67:75:94:08,INT1P12
D8:9D:67:75:94:09,INT1P12
10:00:D8:9D:67:75:94:09,INT1P12
D8:9D:67:75:94:0C,INT2P12
D8:9D:67:75:94:0D,INT2P12
10:00:D8:9D:67:75:94:0D,INT2P12
D8:9D:67:F2:B9:F8,INT3P13
D8:9D:67:F2:B9:F9,INT3P13
10:00:D8:9D:67:F2:B9:F9,INT3P13
D8:9D:67:F2:B9:FC,INT4P13
D8:9D:67:F2:B9:FD,INT4P13
10:00:D8:9D:67:F2:B9:FD,INT4P13
e4:11:5b:9a:e3:90,INT5P13
e4:11:5b:9a:e3:91,INT6P13
e4:11:5b:9a:e3:92,INT7P13
e4:11:5b:9a:e3:93,INT8P13
D8:9D:67:75:A5:00,INT1P13
D8:9D:67:75:A5:01,INT1P13
10:00:D8:9D:67:75:A5:01,INT1P13
D8:9D:67:75:A5:04,INT2P13
D8:9D:67:75:A5:05,INT2P13
10:00:D8:9D:67:75:A5:05,INT2P13
D8:9D:67:F2:7F:08,INT3P14
D8:9D:67:F2:7F:09,INT3P14
10:00:D8:9D:67:F2:7F:09,INT3P14
D8:9D:67:F2:7F:0C,INT4P14
D8:9D:67:F2:7F:0D,INT4P14
10:00:D8:9D:67:F2:7F:0D,INT4P14
e4:11:5b:9a:e3:84,INT5P14
e4:11:5b:9a:e3:85,INT6P14
e4:11:5b:9a:e3:86,INT7P14
e4:11:5b:9a:e3:87,INT8P14
D8:9D:67:75:86:D8,INT1P14
D8:9D:67:75:86:D9,INT1P14
10:00:D8:9D:67:75:86:D9,INT1P14
D8:9D:67:75:86:DC,INT2P14
D8:9D:67:75:86:DD,INT2P14
10:00:D8:9D:67:75:86:DD,INT2P14
